Date,Crude_Oil_Price,USD_Price,CSE_RSI
12/29/2023,71.65,323.8,10654.16
12/28/2023,71.77,323.8,10626.56
12/27/2023,74.11,323.75,10605.16
12/22/2023,73.56,325.3,10605.6
12/21/2023,73.89,326.15,10623.51
12/20/2023,74.22,326.75,10603.56
12/19/2023,73.44,326.75,10612.19
12/18/2023,72.47,326.75,10672.69
12/15/2023,71.43,326.85,10742.08
12/14/2023,71.58,326.4,10783.81
12/13/2023,69.47,326.5,10836.82
45272,68.61,326.75,10874.39
45242,71.32,326.75,10850.78
45150,71.23,326.75,10793.84
45119,69.34,326.5,10713.24
45089,69.38,326.8,10703.09
45058,72.32,327.8,10700.09
45028,73.04,327.85,10743.59
44938,74.07,327.75,10720.26
11/30/2023,75.96,327.75,10608.29
11/29/2023,77.86,328.25,10513.28
11/28/2023,76.41,329.0,10452.22
11/27/2023,74.86,328.75,10480.02
11/24/2023,75.54,328.2,10526.93
11/23/2023,76.34,328.25,10522.52
11/22/2023,77.1,328.25,10547.75
11/21/2023,77.77,328.3,10507.85
11/20/2023,77.6,327.75,10546.37
11/17/2023,75.89,327.5,10613.11
11/16/2023,72.9,327.75,10662.08
11/15/2023,76.66,328.5,10723.65
11/14/2023,78.26,327.6,10775.43
11/13/2023,78.26,326.5,10898.9
45210,77.17,326.75,10872.28
45180,75.74,327.0,10889.48
45149,75.33,328.25,10938.05
45118,77.37,327.5,10871.81
45088,80.82,326.5,10799.89
44996,80.51,328.5,10789.87
44968,82.46,328.75,10826.6
44937,80.44,327.5,10770.54
10/31/2023,81.02,327.5,10647.33
10/30/2023,82.31,327.0,10687.99
10/27/2023,85.54,327.3,10689.5
10/26/2023,83.21,326.5,10536.33
10/25/2023,85.39,326.25,10614.46
10/24/2023,83.74,327.0,10731.41
10/23/2023,85.49,325.9,10862.11
10/20/2023,88.75,325.5,10850.53
10/19/2023,89.37,324.5,10590.42
10/18/2023,88.32,324.5,10557.16
10/17/2023,86.66,324.0,10647.33
10/16/2023,86.66,323.9,10721.84
10/13/2023,87.69,323.25,10813.03
45270,82.91,323.25,10818.41
45240,83.49,323.6,10675.3
45209,85.97,323.5,10817.53
45179,86.38,323.5,10824.24
45087,82.79,323.75,10987.12
45056,82.31,323.95,11042.95
45026,84.22,323.25,11080.79
44995,89.23,323.5,11034.87
44967,88.82,324.1,11163.76
09/27/2023,93.68,323.75,11335.61
09/26/2023,90.39,323.5,11248.16
09/25/2023,89.68,324.0,11216.5
09/22/2023,90.03,324.0,11256.52
09/21/2023,89.63,323.5,11207.98
09/20/2023,90.28,324.0,11274.33
09/19/2023,91.2,324.0,11248.5
09/18/2023,91.48,324.25,11363.64
09/15/2023,90.77,322.75,11465.73
09/14/2023,90.16,323.0,11532.69
09/13/2023,88.52,322.0,11438.82
45269,88.84,322.25,11360.83
45239,87.29,321.0,11386.73
45147,87.51,321.0,11466.07
45116,86.87,322.0,11357.45
45086,87.54,321.0,11353.65
45055,86.69,321.0,11474.95
45025,85.82,320.0,11374.64
44935,85.55,318.5,11156.42
08/31/2023,83.63,318.5,11114.17
08/29/2023,81.16,320.5,11168.26
08/28/2023,80.1,323.75,11169.73
08/25/2023,79.83,323.0,11207.11
08/24/2023,79.05,323.0,11243.8
08/23/2023,78.89,323.0,11385.47
08/22/2023,80.35,323.5,11279.03
08/21/2023,80.72,323.0,11338.5
08/18/2023,81.25,323.0,11403.92
08/17/2023,80.39,321.5,11425.69
08/16/2023,79.38,321.0,11386.4
08/15/2023,80.99,320.0,11224.22
08/14/2023,82.51,321.0,11392.22
45238,83.19,319.0,11596.16
45207,82.82,319.0,11649.99
45177,84.4,319.5,11631.97
45146,82.92,319.5,11724.22
45115,81.94,322.0,11681.66
45024,82.82,320.0,11615.56
44993,81.55,316.0,11582.34
44965,79.49,313.0,11446.83
07/31/2023,81.8,317.0,11386.72
07/28/2023,80.58,328.0,11312.19
07/27/2023,80.09,328.0,11257.82
07/26/2023,78.78,328.0,10990.41
07/25/2023,79.63,330.0,11069.44
07/24/2023,78.74,329.0,11073.01
07/21/2023,77.07,326.5,11106.54
07/20/2023,75.63,324.0,11023.02
07/19/2023,75.35,323.0,10940.82
07/18/2023,75.75,322.0,10796.07
07/17/2023,74.15,321.0,10727.99
07/14/2023,75.42,318.0,10595.02
07/13/2023,76.89,317.0,10491.52
45267,75.75,314.0,10489.98
45237,74.83,313.0,10333.2
45206,72.99,310.0,10311.25
45114,73.86,309.0,10309.15
45084,71.8,309.0,10224.8
45053,71.79,306.0,10176.13
45023,71.06,306.0,10120.26
06/28/2023,69.56,307.5,9442.95
06/27/2023,67.7,308.0,9370.51
06/26/2023,69.37,307.5,9476.69
06/23/2023,69.16,307.5,9339.43
06/22/2023,69.51,306.0,9307.87
06/21/2023,72.53,306.0,9295.4
06/20/2023,70.5,306.0,9159.53
06/19/2023,71.31,306.0,9181.22
06/16/2023,71.78,307.5,9248.56
06/15/2023,70.62,306.0,9279.28
06/14/2023,68.27,315.0,9216.49
06/13/2023,69.42,306.0,9069.64
45266,67.12,300.5,9014.83
45175,70.17,295.5,8818.39
45144,71.29,294.0,8767.34
45113,72.53,291.0,8722.06
45083,71.74,291.5,8746.45
45052,72.15,290.0,8766.6
44963,71.74,290.0,8753.8
44932,70.1,293.5,8691.61
05/31/2023,68.09,290.0,8555.17
05/30/2023,69.46,294.0,8532.6
05/29/2023,72.87,296.0,8575.11
05/26/2023,72.67,297.0,8697.07
05/25/2023,71.83,302.0,8712.72
05/24/2023,74.34,303.0,8755.17
05/23/2023,72.91,304.5,8635.31
05/22/2023,71.99,305.0,8615.22
05/19/2023,71.55,306.5,8716.96
05/18/2023,71.86,306.0,8789.03
05/17/2023,72.83,305.0,8823.28
05/16/2023,70.86,309.0,8823.01
05/15/2023,71.11,313.0,8906.2
45265,70.04,312.0,8927.74
45235,70.87,313.0,8949.82
45204,72.56,315.9,8892.37
45174,73.71,317.0,8914.74
45143,73.16,318.0,8926.58
45021,68.56,319.0,8830.36
44990,68.6,319.5,8799.91
44962,71.66,320.0,8711.46
04/28/2023,76.78,320.0,8983.21
04/27/2023,74.76,320.0,9012.4
04/26/2023,74.3,320.0,9091.72
04/25/2023,77.07,321.5,9125.32
04/24/2023,78.76,320.0,9187.29
04/21/2023,77.87,318.0,9260.41
04/20/2023,77.29,318.0,9279.19
04/19/2023,79.16,318.5,9291.42
04/18/2023,80.86,318.0,9345.53
04/17/2023,80.83,319.0,9405.9
45264,83.26,319.0,9415.28
45234,81.53,319.0,9411.69
45203,79.74,318.0,9322.85
45081,80.7,320.0,9256.9
45020,80.71,322.5,9173.97
44989,80.42,323.0,9250.96
03/31/2023,75.67,324.0,9301.09
03/30/2023,74.37,325.0,9228.5
03/29/2023,72.97,325.0,9272.43
03/28/2023,73.2,324.5,9233.4
03/27/2023,72.81,322.5,9285.21
03/24/2023,69.26,320.0,9419.35
03/23/2023,69.96,318.0,9394.41
03/22/2023,70.9,319.5,9527.05
03/21/2023,69.33,320.0,9604.43
03/20/2023,67.64,340.0,9699.96
03/17/2023,66.74,336.0,9686.15
03/16/2023,68.35,337.0,9596.55
03/15/2023,67.61,335.0,9587.79
03/14/2023,71.33,335.0,9550.7
03/13/2023,74.8,327.5,9491.04
45202,76.68,320.0,9606.96
45172,75.72,322.5,9693.23
45141,76.66,322.5,9647.86
45110,77.58,322.5,9642.94
44988,79.68,339.5,9444.92
44960,78.16,346.0,9356.75
44929,77.69,358.0,9222.68
02/28/2023,77.05,362.0,9188.48
02/27/2023,75.68,363.0,9198.63
02/24/2023,76.32,365.0,9315.87
02/23/2023,75.39,365.0,9255.99
02/22/2023,73.95,365.0,9160.25
02/21/2023,76.16,365.0,9179.06
02/20/2023,77.3,359.32,9082.33
02/17/2023,76.34,365.5,8848.36
02/16/2023,78.49,365.0,8843.05
02/15/2023,78.59,365.0,8628.58
02/14/2023,79.06,365.0,8638.92
02/13/2023,80.14,365.0,8790.72
45201,79.72,365.0,8938.48
45171,78.06,365.5,8962.37
45140,78.47,365.5,8987.45
45109,77.14,365.5,8999.75
45079,74.11,365.25,9100.14
44987,73.39,365.0,9178.61
44959,75.88,366.0,9022.38
44928,76.41,366.0,8977.09
01/31/2023,78.87,365.0,8865.05
01/30/2023,77.9,366.0,8889.67
01/27/2023,79.68,362.0,8958.79
01/26/2023,81.01,362.0,8926.56
01/25/2023,80.15,362.0,8938.06
01/24/2023,80.13,362.0,8902.24
01/23/2023,81.62,362.0,8990.79
01/20/2023,81.64,366.0,8718.15
01/19/2023,80.61,367.0,8558.75
01/18/2023,79.8,362.0,8386.27
01/17/2023,80.45,365.0,8366.93
01/13/2023,80.11,366.0,8262.58
45261,78.65,367.5,8334.05
45231,77.68,366.5,8380.87
45200,75.37,367.5,8367.69
45170,74.92,367.5,8381.04
45047,73.92,363.0,8424.11
45017,73.1,363.0,8463.93
44986,77.12,363.0,8511.54
44958,80.47,363.0,8509.6
12/30/2022,80.47,367.5,8502.49
12/29/2022,78.61,363.0,8425.78
12/28/2022,78.6,363.0,8411.42
12/27/2022,79.77,363.0,8452.7
12/23/2022,79.34,363.0,8379.95
12/22/2022,78.45,363.0,8390.03
12/21/2022,78.24,363.0,8420.26
12/20/2022,76.23,363.0,8508.53
12/19/2022,75.89,365.0,8626.21
12/16/2022,74.45,367.5,8739.5
12/15/2022,76.25,367.5,8813.84
12/14/2022,77.27,363.0,8870.63
12/13/2022,75.19,367.5,8832.14
44907,73.44,367.5,8862.67
44816,71.5,367.5,8851.12
44785,72.06,367.5,8891.74
44724,74.47,367.5,8881.34
44693,77.4,367.5,8843.75
44604,80.3,368.5,8769.73
44573,81.33,368.5,8703.79
11/30/2022,80.56,368.5,8651.23
11/29/2022,78.2,367.5,8375.21
11/28/2022,77.24,368.5,8309.94
11/25/2022,76.28,367.5,8148.06
11/24/2022,77.95,368.5,8028.14
11/23/2022,77.94,363.0,8173.86
11/22/2022,80.95,367.5,8000.44
11/21/2022,79.73,367.5,7777.02
11/18/2022,80.08,367.5,7817.89
11/17/2022,81.64,367.5,8034.78
11/16/2022,85.59,367.5,8087.04
11/15/2022,86.92,367.5,8291.15
11/14/2022,85.87,363.0,8363.29
44876,88.96,367.5,8419.06
44845,86.47,368.5,8322.62
44815,85.83,367.5,8293.5
44784,88.91,365.0,8267.77
44662,92.61,362.0,8491.8
44631,88.17,367.5,8508.98
44603,90.0,367.0,8561.96
44572,88.37,367.0,8605.85
10/31/2022,86.53,363.0,8602.16
10/28/2022,87.9,363.0,8728.6
10/27/2022,89.08,363.0,8802.23
10/26/2022,87.91,363.0,8602.97
10/25/2022,85.32,363.0,8516.4
10/21/2022,85.05,367.0,8685.52
10/20/2022,85.98,367.0,8737.38
10/19/2022,85.55,367.0,8888.37
10/18/2022,82.82,367.0,8866.05
10/17/2022,85.46,367.0,8990.72
10/14/2022,85.61,363.0,9093.37
10/13/2022,89.11,365.0,9148.55
44905,87.27,366.5,8979.91
44875,89.35,366.0,8744.61
44752,92.64,366.0,9049.52
44722,88.45,366.0,9182.23
44691,87.76,366.0,9370.01
44661,86.52,366.0,9237.05
44630,83.63,357.88,9649.86
09/30/2022,79.49,365.5,9931.07
09/29/2022,81.23,364.0,9951.48
09/28/2022,82.15,364.0,9958.87
09/27/2022,78.5,364.0,9861.62
09/26/2022,76.71,363.995,9874.19
09/23/2022,78.74,364.0,9964.8
09/22/2022,83.49,358.0,10001.19
09/21/2022,82.94,365.0,9913.22
09/20/2022,84.45,363.5,9901.13
09/19/2022,85.73,364.0,10025.4
09/16/2022,85.11,365.375,10102.7
09/15/2022,85.1,362.0,10058.39
09/14/2022,88.48,365.375,9914.12
09/13/2022,87.31,364.5,9749.09
44904,87.78,359.995,9813.18
44813,86.79,360.0,9704.21
44782,83.54,364.0,9599.32
44751,81.94,360.0,9447.27
44721,86.88,360.0,9330.33
44690,88.96,360.0,9366.39
44601,86.87,360.0,9316.45
44570,86.61,357.96,9254.81
08/31/2022,89.55,357.88,9071.32
08/30/2022,91.64,360.0,8865.4
08/29/2022,97.01,360.0,8732.47
08/26/2022,93.06,357.0,8793.39
08/25/2022,92.52,357.0,8828.08
08/24/2022,94.89,357.0,9011.24
08/23/2022,93.74,360.0,9071.53
08/22/2022,90.23,357.0,9087.59
08/19/2022,90.77,360.0,8975.75
08/18/2022,90.5,360.0,8910.57
08/17/2022,88.11,360.0,8907.35
08/16/2022,86.53,360.0,9086.24
08/15/2022,89.41,360.0,9191.52
44903,92.09,360.0,9027.48
44842,91.93,363.0,8706.17
44812,90.5,357.0,8500.0
44781,90.76,365.0,8422.97
44689,89.01,357.0,8333.37
44659,88.54,357.0,8229.14
44628,90.66,357.0,8080.14
44600,94.42,357.88,7907.52
44569,93.89,362.995,7768.57
07/29/2022,98.62,357.0,7731.15
07/28/2022,96.42,362.0,7679.64
07/27/2022,97.26,357.0,7626.69
07/26/2022,94.98,357.0,7630.17
07/25/2022,96.7,358.0,7639.42
07/22/2022,94.7,360.0,7721.78
07/21/2022,96.35,357.92,7736.37
07/20/2022,102.26,359.99,7712.08
07/19/2022,104.22,360.0,7644.12
07/18/2022,102.6,359.99,7536.61
07/15/2022,97.59,360.0,7467.82
07/14/2022,95.78,365.5,7318.24
44902,95.84,358.5,7365.67
44872,104.09,360.0,7302.15
44780,104.79,364.75,7080.69
44749,102.73,360.0,7057.86
44719,98.53,364.0,7117.35
44688,99.5,360.0,7238.59
44658,110.4,364.0,7359.55
44568,108.43,356.0,7457.48
06/30/2022,105.76,356.0,7342.33
06/29/2022,109.78,356.0,7365.92
06/28/2022,111.76,356.0,7312.66
06/27/2022,109.57,357.0,7451.91
06/24/2022,107.62,357.0,7651.19
06/23/2022,104.27,357.0,7556.09
06/22/2022,106.19,360.0,7512.15
06/21/2022,110.65,358.0,7425.27
06/20/2022,108.84,357.0,7424.56
06/17/2022,109.56,362.0,7472.39
06/16/2022,117.59,362.0,7705.27
06/15/2022,115.31,360.0,7772.08
06/13/2022,120.93,360.0,7888.69
44840,120.67,360.0,7898.79
44810,121.51,360.0,7881.13
44779,122.11,357.0,7772.69
44748,119.41,357.0,7631.13
44718,118.5,361.84,7803.61
44626,118.87,356.0,8054.77
44598,116.87,359.5,8099.51
44567,115.26,359.5,8064.69
05/31/2022,114.67,360.0,8108.09
05/30/2022,117.61,361.99,8231.33
05/27/2022,115.07,362.0,8315.55
05/26/2022,114.09,362.25,8319.58
05/25/2022,110.33,362.0,8370.16
05/24/2022,109.77,359.5,8393.47
05/23/2022,110.29,359.5,8474.49
05/20/2022,113.23,359.75,8265.61
05/19/2022,112.21,359.86,8173.86
05/18/2022,109.59,360.0,8417.21
05/17/2022,112.4,360.0,8457.65
05/13/2022,110.49,360.0,8098.41
44900,106.13,370.0,7754.62
44809,103.09,365.0,7516.63
44717,109.77,360.0,7427.48
44686,108.26,370.0,7567.55
44656,107.81,352.5,7598.04
04/29/2022,104.69,355.0,7624.26
04/28/2022,105.36,350.0,7611.43
04/27/2022,102.02,354.99,7280.52
04/26/2022,101.7,340.0,6905.37
04/25/2022,98.54,335.0,7513.85
44777,98.26,315.0,8135.25
44746,96.03,315.0,8249.7
44716,96.23,305.0,8580.93
44685,101.96,297.375,8738.08
44655,103.28,297.375,8244.55
44565,99.27,294.5,8471.43
03/31/2022,100.28,294.0,8903.87
03/30/2022,107.82,296.0,9294.89
03/29/2022,104.24,293.5,9647.55
03/28/2022,105.96,289.995,10142.29
03/25/2022,113.9,292.5,10455.32
03/24/2022,112.34,287.5,10451.71
03/23/2022,114.93,282.5,10457.81
03/22/2022,111.76,285.0,10490.74
03/21/2022,112.12,280.0,10421.74
03/18/2022,104.7,277.5,10353.83
03/16/2022,95.04,265.0,10222.55
03/15/2022,96.44,272.5,10284.3
03/14/2022,103.01,255.0,10565.26
44868,109.33,255.0,10677.46
44837,106.02,254.855,10856.07
44807,108.7,227.35,10163.72
44776,123.7,227.495,10523.03
44745,119.4,201.865,10960.49
44654,115.68,200.0,11243.49
44623,107.67,202.0,11162.66
44595,110.6,201.74,11406.34
02/28/2022,95.72,200.92,11577.94
02/25/2022,91.59,202.0,11107.9
02/24/2022,92.81,201.36,10657.05
02/23/2022,92.1,202.0,11217.76
02/22/2022,92.35,202.5,11592.3
02/21/2022,92.65,201.88,11591.37
02/18/2022,91.07,202.0,12134.04
02/17/2022,91.76,201.42,12352.38
02/15/2022,92.07,201.48,12364.8
02/14/2022,95.46,201.8,12470.81
44867,93.1,202.0,12459.8
44836,89.88,201.99,12207.46
44806,89.66,201.865,12081.69
44775,89.36,200.52,12382.47
44744,91.32,201.63,12631.69
44622,90.27,201.98,12762.6
44594,88.26,201.83,12584.02
44563,88.2,201.28,12922.12
01/31/2022,88.15,201.2,13009.5
01/28/2022,86.82,201.0,12863.14
01/27/2022,86.61,201.0,12885.7
01/26/2022,87.35,201.91,13065.75
01/25/2022,85.6,201.915,13210.17
01/24/2022,83.31,201.905,13384.11
01/21/2022,85.14,202.0,13371.61
01/20/2022,86.9,201.84,13361.17
01/19/2022,86.96,202.55,13462.39
01/18/2022,85.43,201.56,13457.2
01/13/2022,82.12,202.75,13338.49
44896,82.64,202.75,13122.95
44866,81.22,202.75,13079.65
44835,78.23,202.75,13117.07
44743,78.9,202.75,13280.94
44713,79.46,201.0,13169.4
44682,77.85,201.0,13076.91
44652,76.99,202.75,12800.54
44621,76.08,202.75,12625.82
12/31/2021,75.21,202.75,12226.01
12/30/2021,76.99,202.75,12019.75
12/29/2021,76.56,202.5,11915.18
12/28/2021,75.98,202.75,11907.7
12/27/2021,75.57,202.5,12008.49
12/23/2021,73.79,202.0,11951.23
12/22/2021,72.76,202.0,11814.37
12/21/2021,71.12,202.0,11640.91
12/20/2021,68.23,202.0,11650.1
12/17/2021,70.86,201.0,11753.44
12/16/2021,72.38,201.0,11678.65
12/15/2021,70.87,201.0,11754.46
12/14/2021,70.73,202.0,11796.88
12/13/2021,71.29,201.0,11662.38
44481,71.67,202.0,11393.48
44451,70.94,202.0,11178.43
44420,72.36,202.75,11021.07
44389,72.05,202.5,11088.17
44359,69.49,202.5,11034.41
44267,66.26,201.0,10988.32
44239,66.5,202.0,11252.3
44208,65.57,201.0,11409.88
11/30/2021,66.18,202.5,11440.53
11/29/2021,69.95,202.5,11202.09
11/26/2021,68.15,202.0,11197.68
11/25/2021,77.41,202.0,11025.73
11/24/2021,78.39,202.5,10910.06
11/23/2021,78.5,202.5,10928.6
11/22/2021,76.75,202.5,10817.24
11/19/2021,76.1,201.0,10658.72
11/17/2021,78.36,201.0,11024.89
11/16/2021,80.76,201.0,11008.33
11/15/2021,80.88,201.0,10752.82
44541,80.79,201.0,10666.54
44511,81.59,201.0,10686.37
44480,81.34,201.0,10522.6
44450,84.15,200.0,10361.8
44419,81.93,200.0,10621.4
44327,81.27,200.0,10632.21
44266,80.86,200.0,10412.02
44238,83.91,201.0,10271.71
44207,84.05,201.0,10132.12
10/29/2021,83.57,200.0,10162.93
10/28/2021,82.81,201.0,10137.85
10/27/2021,82.66,201.0,10146.9
10/26/2021,84.65,202.5,10127.04
10/25/2021,83.76,200.0,10046.8
10/22/2021,83.76,200.0,9915.22
10/21/2021,82.5,200.0,9881.5
10/18/2021,82.44,200.0,9709.14
10/15/2021,82.28,201.0,9623.81
10/14/2021,81.31,201.0,9621.65
10/13/2021,80.44,201.0,9497.49
44540,80.64,200.0,9640.36
44510,80.52,200.0,9649.26
44418,79.35,199.0,9678.89
44387,78.3,199.0,9671.0
44357,77.43,199.5,9626.45
44326,78.93,199.5,9533.64
44296,77.62,199.0,9542.33
44206,75.88,199.0,9442.3
09/30/2021,75.03,199.0,9459.94
09/29/2021,74.83,199.0,9433.77
09/28/2021,75.29,199.0,9339.28
09/27/2021,75.45,199.0,9269.65
09/24/2021,73.98,199.0,8940.11
09/23/2021,73.3,199.5,8830.35
09/22/2021,72.23,199.0,8788.05
09/21/2021,70.56,199.0,8770.39
09/17/2021,71.97,199.0,8801.95
09/16/2021,72.61,199.0,8848.04
09/15/2021,72.61,199.0,8931.21
09/14/2021,70.46,199.0,8692.6
09/13/2021,70.45,199.0,8536.88
44478,69.72,200.0,8865.3
44448,68.14,199.5,8986.4
44417,69.3,199.0,8764.21
44386,68.35,200.5,9092.74
44356,68.8,200.0,9227.88
44264,69.29,200.0,9316.65
44236,69.99,199.0,9335.98
44205,68.59,199.0,9163.13
08/31/2021,68.5,199.0,8997.6
08/30/2021,69.21,199.5,8894.44
08/27/2021,68.74,200.0,8931.33
08/26/2021,67.42,200.0,8920.71
08/25/2021,68.36,199.0,8756.63
08/24/2021,67.54,199.0,8667.95
08/23/2021,65.64,199.5,8479.65
08/20/2021,62.32,199.0,8240.06
08/19/2021,63.69,199.0,8260.08
08/18/2021,65.46,199.0,8342.85
08/17/2021,66.59,199.0,8134.52
08/16/2021,67.29,199.0,7937.28
08/13/2021,68.44,199.5,7996.04
44538,69.09,199.0,7980.91
44508,69.25,199.0,8095.57
44477,68.29,199.0,8070.88
44447,66.48,199.0,8101.39
44355,68.28,199.0,8099.12
44324,69.09,199.0,8011.94
44294,68.15,199.0,8210.31
44263,70.56,199.0,8222.55
44235,71.26,199.0,8148.02
07/30/2021,73.95,199.0,8120.48
07/29/2021,73.62,199.0,8140.76
07/28/2021,72.39,198.5,8096.98
07/27/2021,71.65,198.5,8092.98
07/26/2021,71.91,199.0,8122.73
07/22/2021,71.91,199.0,8136.76
07/20/2021,67.42,199.0,8068.33
07/19/2021,66.42,199.5,8022.55
07/16/2021,71.81,199.0,7966.95
07/15/2021,71.65,198.5,7986.45
07/14/2021,73.13,198.5,7939.35
07/13/2021,75.25,199.0,7913.47
44537,74.1,199.0,7866.47
44446,74.56,198.7,7852.19
44415,72.94,198.5,7811.61
44384,72.2,198.5,7809.38
44354,73.37,198.5,7792.21
44323,76.25,198.5,7794.21
44234,75.16,199.0,7746.56
44203,75.23,199.0,7728.61
06/30/2021,73.47,199.0,7837.76
06/29/2021,72.98,199.0,7856.64
06/28/2021,72.91,198.5,7877.84
06/25/2021,74.05,198.5,7809.15
06/23/2021,73.08,198.5,7742.14
06/22/2021,73.06,198.0,7743.71
06/21/2021,73.66,198.0,7726.73
06/18/2021,71.64,198.0,7715.46
06/17/2021,71.04,197.0,7659.0
06/16/2021,72.15,197.5,7641.19
06/15/2021,72.12,197.0,7605.53
06/14/2021,70.88,197.0,7582.27
44506,70.91,197.0,7610.3
44475,70.29,197.5,7601.16
44445,69.96,197.5,7564.26
44414,70.05,197.0,7542.2
44383,69.23,196.5,7591.9
44292,69.62,197.0,7567.38
44261,68.81,197.0,7516.2
44233,68.83,197.0,7436.55
44202,67.72,196.5,7450.54
05/31/2021,66.96,197.0,7403.44
05/28/2021,66.32,197.5,7333.42
05/25/2021,66.07,197.5,7278.24
05/24/2021,66.05,196.0,7233.58
05/21/2021,63.58,196.0,7220.72
05/20/2021,62.05,196.0,7293.59
05/19/2021,63.36,196.0,7341.03
05/18/2021,65.49,196.0,7355.14
05/17/2021,66.27,196.0,7350.14
05/13/2021,63.82,196.0,7228.23
44535,66.08,195.5,7161.77
44505,65.28,195.5,7143.38
44474,64.92,196.0,7135.8
44382,64.9,196.0,7242.0
44352,64.71,196.0,7188.09
44321,65.63,196.0,7145.97
44291,65.69,196.0,7111.45
44260,64.49,196.0,7215.6
04/30/2021,63.58,197.0,7208.2
04/29/2021,65.01,196.0,7216.7
04/28/2021,63.86,194.0,7239.94
04/27/2021,62.94,194.0,7066.7
04/23/2021,62.14,194.5,7232.65
04/22/2021,61.43,193.0,7327.91
04/21/2021,61.35,191.0,7433.44
04/20/2021,62.44,190.0,7355.11
04/19/2021,63.38,190.0,7553.5
04/16/2021,63.13,192.0,7600.57
04/15/2021,63.46,200.0,7644.38
44534,59.7,201.0,7558.28
44443,59.32,200.75,7458.27
44412,59.6,200.5,7412.46
44381,59.77,200.0,7310.26
44351,59.33,199.5,7280.27
44320,58.65,199.0,7217.83
44200,61.45,199.0,7193.28
03/31/2021,59.16,198.5,7121.28
03/30/2021,60.55,198.5,7115.12
03/29/2021,61.56,198.5,7127.69
03/26/2021,60.97,198.5,7097.39
03/25/2021,58.56,198.0,7099.13
03/24/2021,61.18,198.5,7135.84
03/23/2021,57.76,198.0,6979.29
03/22/2021,61.55,197.5,6966.71
03/19/2021,61.42,197.0,6854.32
03/18/2021,60.0,197.0,6930.76
03/17/2021,64.6,199.5,7044.56
03/16/2021,64.8,198.0,7119.7
03/15/2021,65.39,197.5,7160.41
44533,65.61,196.0,7247.48
44472,64.44,196.0,7212.66
44442,64.01,196.0,7296.88
44411,65.05,195.5,7318.43
44319,66.09,195.5,7054.49
44289,63.83,195.0,7002.04
44258,61.28,195.0,7193.09
44230,59.75,195.0,7343.38
44199,60.64,194.0,7438.13
02/25/2021,63.53,194.0,7476.34
02/24/2021,63.22,193.5,7371.86
02/23/2021,61.67,193.0,7329.21
02/22/2021,61.49,193.0,7597.51
02/19/2021,59.24,195.0,7797.94
02/18/2021,60.52,196.25,7736.36
02/17/2021,61.14,195.5,7588.34
02/16/2021,60.05,195.0,7580.91
02/15/2021,60.09,194.0,7907.27
44532,59.47,193.5,7985.0
44502,58.24,193.5,7597.81
44471,58.68,196.5,7732.43
44441,58.36,195.0,7963.77
44410,57.97,194.5,8113.26
44318,56.85,193.0,8275.37
44257,55.69,193.0,8244.5
44229,54.76,193.5,8005.32
44198,53.55,193.5,8567.07
01/29/2021,52.2,190.5,8668.07
01/27/2021,52.85,192.25,8812.01
01/26/2021,52.61,195.0,8665.82
01/25/2021,52.77,197.0,8694.35
01/22/2021,52.27,197.0,8463.43
01/21/2021,53.13,195.5,8131.25
01/20/2021,53.24,195.0,7884.45
01/19/2021,52.98,192.0,7808.97
01/18/2021,52.36,192.0,7922.66
01/15/2021,52.36,192.5,7734.57
01/13/2021,52.91,191.5,7443.23
44531,53.21,189.0,7282.24
44501,52.25,188.0,7203.63
44409,52.24,187.0,7119.53
44378,50.83,187.0,7097.84
44348,50.63,187.5,7036.76
44317,49.93,187.5,6978.86
44287,47.62,186.0,6894.98
12/31/2020,48.52,185.0,6774.22
12/30/2020,48.4,185.0,6748.01
12/28/2020,47.62,187.5,6704.89
12/24/2020,48.23,189.6,6685.64
12/23/2020,48.12,190.0,6629.02
12/22/2020,47.02,189.0,6634.92
12/21/2020,47.74,187.6,6622.71
12/18/2020,49.1,187.5,6616.95
12/17/2020,48.36,186.8,6624.15
12/16/2020,47.82,186.9,6655.67
12/15/2020,47.62,186.7,6631.89
12/14/2020,46.99,186.9,6656.64
44147,46.57,186.4,6614.56
44116,46.78,185.8,6609.39
44086,45.52,185.6,6605.09
44055,45.6,186.1,6564.0
44024,45.76,186.3,6473.76
43933,46.26,185.5,6397.56
43902,45.64,185.8,6359.99
43873,45.28,185.5,6345.84
43842,44.55,185.9,6317.46
11/30/2020,45.34,185.5,6243.76
11/27/2020,45.53,185.15,6180.86
11/26/2020,44.98,184.9,6148.12
11/25/2020,45.71,185.6,6141.79
11/24/2020,44.91,185.4,6087.66
11/23/2020,43.06,185.2,6072.07
11/20/2020,42.15,185.0,6085.0
11/19/2020,41.74,184.9,6060.89
11/18/2020,41.82,184.65,6108.22
11/17/2020,41.43,185.1,6108.93
11/16/2020,41.34,184.9,6076.92
11/13/2020,40.13,184.6,6082.42
44176,41.12,184.55,6090.97
44146,41.45,184.55,6097.93
44115,41.36,184.5,6095.89
44085,40.29,184.45,6114.5
43993,37.14,184.45,6080.09
43962,38.79,184.45,6004.11
43932,39.15,184.3,5905.91
43901,37.66,184.3,5843.27
43872,36.81,184.45,5713.58
10/29/2020,36.17,184.25,5726.59
10/28/2020,37.39,184.3,5600.2
10/27/2020,39.57,184.3,5680.28
10/26/2020,38.56,184.3,5669.33
10/23/2020,39.85,184.3,5768.94
10/22/2020,40.64,184.35,5771.89
10/21/2020,40.03,184.25,5684.67
10/20/2020,41.46,184.5,5934.23
10/19/2020,40.83,184.35,5946.08
10/16/2020,40.88,184.2,5945.79
10/15/2020,40.96,184.5,5920.0
10/14/2020,41.04,184.65,5890.13
10/13/2020,40.2,184.35,5802.97
44175,39.43,184.2,5841.05
44084,40.6,184.2,5798.72
44053,41.19,184.15,5724.54
44022,39.95,184.4,5553.22
43992,40.67,184.55,5534.61
43961,39.22,184.65,5587.18
43871,37.05,184.4,6050.17
09/30/2020,40.22,184.9,5984.84
09/29/2020,39.29,185.1,5993.55
09/28/2020,40.6,185.25,6028.2
09/25/2020,40.25,185.2,5859.04
09/24/2020,40.31,185.1,5811.2
09/23/2020,39.93,184.8,5772.1
09/22/2020,39.6,185.3,5780.94
09/21/2020,39.31,185.47,5762.71
09/18/2020,41.11,185.45,5720.67
09/17/2020,40.97,185.0,5658.66
09/16/2020,40.16,184.9,5585.4
09/15/2020,38.28,184.3,5533.69
09/14/2020,37.26,184.2,5490.6
44144,37.33,184.45,5438.91
44113,37.3,184.7,5399.54
44083,38.05,184.35,5370.39
44052,36.76,184.25,5316.05
44021,39.2,184.7,5310.67
43930,39.77,185.05,5311.42
43899,41.37,185.3,5350.85
43870,41.51,185.2,5359.99
08/31/2020,42.61,185.8,5329.33
08/28/2020,42.97,186.3,5320.87
08/27/2020,43.04,185.9,5333.32
08/26/2020,43.39,186.2,5335.66
08/25/2020,43.35,186.4,5363.21
08/24/2020,42.62,184.9,5385.79
08/21/2020,42.34,184.5,5382.38
08/20/2020,42.58,184.35,5360.28
08/19/2020,42.93,186.1,5351.03
08/18/2020,42.89,184.4,5279.92
08/17/2020,42.89,183.6,5251.61
08/14/2020,42.01,183.5,5261.99
08/13/2020,42.24,182.8,5235.61
44173,42.67,182.9,5220.57
44143,41.61,183.95,5196.4
44112,41.94,184.7,5150.75
44020,41.22,185.2,5176.48
43990,41.95,185.4,5176.85
43959,42.19,185.45,5146.44
43929,41.7,185.5,5166.81
07/31/2020,40.27,185.55,5124.26
07/30/2020,39.92,185.6,5088.1
07/29/2020,41.27,185.7,5094.0
07/28/2020,41.04,185.75,5099.42
07/27/2020,41.6,185.7,5105.12
07/24/2020,41.29,185.75,5065.3
07/23/2020,41.07,185.75,5040.88
07/22/2020,41.9,185.75,5019.79
07/21/2020,41.96,185.75,5034.45
07/20/2020,40.81,185.75,5038.85
07/17/2020,40.59,185.7,4988.5
07/16/2020,40.75,185.7,4953.54
07/15/2020,41.2,185.8,4916.69
07/14/2020,40.29,185.8,4947.11
07/13/2020,40.1,185.85,4879.76
44111,40.55,185.75,4992.62
44081,39.62,185.75,5090.41
44050,40.9,185.75,5069.52
44019,40.62,185.85,5081.78
43989,40.63,185.75,5075.9
43897,40.28,185.8,5050.9
43868,40.65,186.05,5109.04
43837,39.82,186.15,5148.41
06/30/2020,39.27,186.15,5149.57
06/29/2020,39.7,186.1,5153.77
06/26/2020,38.49,186.1,5163.35
06/25/2020,38.72,186.35,5145.55
06/24/2020,38.01,186.55,5111.94
06/23/2020,40.37,186.5,5083.07
06/22/2020,40.46,186.5,5046.5
06/19/2020,39.75,186.55,4990.42
06/18/2020,38.84,186.55,4976.98
06/17/2020,37.96,186.4,4958.24
06/16/2020,38.38,186.0,4915.56
06/15/2020,37.12,185.9,4910.83
44171,36.26,185.2,4914.83
44141,36.34,185.1,4917.24
44110,39.6,185.2,4917.54
44080,38.94,185.0,4913.37
44049,38.19,185.05,4841.85
43927,37.41,185.4,4781.03
43896,37.29,185.75,4782.43
43867,36.81,185.8,4790.6
43836,35.44,186.0,4795.4
05/29/2020,35.49,186.2,4846.76
05/28/2020,33.71,186.3,4887.16
05/27/2020,32.81,186.2,4800.01
05/26/2020,34.35,186.0,4780.22
05/22/2020,33.25,185.5,4799.89
05/21/2020,33.92,186.5,4784.8
05/20/2020,33.49,187.0,4655.22
05/19/2020,32.5,187.4,4701.03
05/18/2020,31.82,187.4,4606.85
05/15/2020,29.43,187.8,4439.04
05/14/2020,27.56,187.5,4393.54
05/13/2020,25.29,188.0,4367.25
44170,25.78,188.0,4247.95
44140,24.14,188.0,4392.43
03/20/2020,22.43,187.05,4571.63
03/13/2020,31.73,184.5,4874.73
44168,31.5,183.075,5019.55
44138,32.98,182.6,5204.52
44107,34.36,182.55,5121.91
43985,41.28,181.925,5343.15
43954,45.9,181.9,5535.45
43924,46.78,182.0,5535.45
43893,47.18,182.1,5618.41
43864,46.75,182.15,5614.29
02/28/2020,44.76,181.95,5592.92
02/27/2020,47.09,181.825,5667.87
02/26/2020,48.73,181.675,5643.62
02/25/2020,49.9,181.7,5730.93
02/24/2020,51.43,181.75,5797.3
02/20/2020,53.78,181.625,5830.51
02/19/2020,53.29,182.0,5847.83
02/18/2020,52.05,181.6,5831.01
02/17/2020,52.2,181.6,5814.27
02/14/2020,52.05,181.45,5829.21
02/13/2020,51.42,181.475,5857.3
44167,51.17,181.45,5878.44
44137,49.94,181.5,5899.06
44106,49.57,181.45,5933.75
44014,50.32,181.45,5942.53
43984,50.95,181.425,5948.27
43953,50.75,181.4,5942.07
43892,50.11,181.475,5931.04
01/31/2020,51.56,181.45,5929.76
01/30/2020,52.14,181.5,5927.72
01/29/2020,53.33,181.5,5936.3
01/28/2020,53.48,181.5,5884.81
01/27/2020,53.14,181.55,5934.63
01/24/2020,54.19,181.575,5991.29
01/23/2020,55.59,181.525,5984.5
01/22/2020,56.74,181.5,5941.42
01/21/2020,58.34,181.425,5914.33
01/20/2020,58.73,181.325,5906.2
01/17/2020,58.54,181.25,5932.92
01/16/2020,58.52,181.25,5940.99
01/14/2020,58.23,181.45,5968.63
01/13/2020,58.08,181.55,5980.67
44075,59.56,181.35,5987.55
44044,59.61,181.6,5898.84
44013,62.7,181.275,6026.09
43983,63.27,181.325,6069.93
43891,63.05,181.3,6111.28
43862,61.18,181.45,6108.53
12/31/2019,61.06,181.375,6129.21
12/30/2019,61.68,181.7,6156.0
12/27/2019,61.72,181.45,6122.64
12/26/2019,61.68,181.375,6086.69
12/24/2019,61.11,181.4,6053.12
12/23/2019,60.52,181.325,6031.81
12/20/2019,60.44,181.1,6044.73
12/19/2019,61.22,181.475,6045.27
12/18/2019,60.93,181.175,6059.09
12/17/2019,60.94,181.175,6062.33
12/16/2019,60.21,181.2,6057.0
12/13/2019,60.07,181.1,6089.67
43811,59.18,180.9,6099.66
43750,59.24,181.125,6060.2
43720,59.02,181.2,6103.63
43628,59.2,181.2,6149.57
43597,58.43,181.45,6160.88
43567,58.43,181.225,6206.4
43536,56.1,181.575,6214.99
43508,55.96,181.3,6215.23
11/29/2019,55.17,180.925,6211.97
11/28/2019,58.08,180.75,6201.12
11/27/2019,58.11,180.95,6118.87
11/26/2019,58.41,181.7,6094.85
11/25/2019,58.01,180.95,6083.74
11/22/2019,57.77,180.125,6107.06
11/21/2019,58.58,179.675,6138.33
11/20/2019,57.11,179.3,6138.59
11/19/2019,55.21,179.375,6142.76
11/18/2019,57.05,179.55,6129.56
11/15/2019,57.72,180.2,6023.02
11/14/2019,56.77,180.4,5980.07
11/13/2019,57.12,180.3,5989.42
43688,57.24,180.575,5954.62
43657,57.15,180.85,5932.07
43627,56.35,180.65,5956.52
43596,57.23,180.3,5993.66
43566,56.54,180.55,6010.18
43476,56.2,181.2,6032.08
10/31/2019,54.18,181.175,5990.24
10/30/2019,55.06,181.55,5957.27
10/29/2019,55.54,181.55,5964.25
10/28/2019,55.81,181.475,5946.08
10/25/2019,56.66,181.3,5935.26
10/24/2019,56.23,181.2,5916.28
10/23/2019,55.97,181.4,5888.34
10/22/2019,54.16,181.65,5880.4
10/21/2019,53.31,181.8,5863.99
10/18/2019,53.78,182.0,5863.48
10/17/2019,53.93,182.0,5860.09
10/16/2019,53.36,182.0,5836.62
10/15/2019,52.81,181.8,5840.48
10/14/2019,53.59,181.0,5870.09
43779,54.7,180.75,5834.66
43748,53.55,180.6,5814.44
43718,52.59,180.55,5809.59
43687,52.63,180.45,5738.9
43656,52.75,180.925,5708.92
43565,52.81,181.425,5689.9
43534,52.45,181.5,5677.5
43506,52.64,181.825,5697.93
43475,53.62,182.325,5733.64
09/30/2019,54.07,182.125,5738.24
09/27/2019,55.91,181.9,5771.69
09/26/2019,56.41,181.775,5772.76
09/25/2019,56.49,181.65,5762.4
09/24/2019,57.29,181.15,5743.54
09/23/2019,58.64,181.5,5776.48
09/20/2019,58.09,181.2,5793.89
09/19/2019,58.13,180.95,5811.04
09/18/2019,58.11,180.75,5807.51
09/17/2019,59.34,180.65,5811.07
09/16/2019,62.9,180.475,5828.14
43808,55.09,180.35,5825.54
43778,55.75,180.35,5820.84
43747,57.4,180.4,5822.47
43717,57.85,180.575,5816.52
43625,56.52,180.9,5798.57
43594,56.3,180.75,5850.25
43564,56.26,180.6,5861.54
43533,53.94,180.4,5883.42
43505,54.66,179.9,5878.29
08/30/2019,55.1,179.45,5889.86
08/29/2019,56.71,180.425,5900.48
08/28/2019,55.78,180.35,5910.92
08/27/2019,54.93,179.75,5908.93
08/26/2019,53.64,179.6,5881.72
08/23/2019,54.17,180.05,5898.47
08/22/2019,55.35,179.5,5905.02
08/21/2019,55.68,178.875,5907.74
08/20/2019,56.34,177.95,5912.46
08/19/2019,56.21,177.4,5869.07
08/16/2019,54.87,177.175,5894.51
08/15/2019,54.47,177.175,5917.15
08/13/2019,57.1,176.9,5949.3
43716,54.5,176.85,5943.11
43685,52.54,176.9,5878.26
43654,51.09,177.425,5889.68
43624,53.63,177.45,5846.94
43593,54.69,176.95,5889.67
43504,55.66,176.65,5894.7
43473,53.95,176.5,5897.26
07/31/2019,58.58,176.375,5935.34
07/30/2019,58.05,176.25,5951.75
07/29/2019,56.87,176.2,5995.2
07/26/2019,56.2,176.2,5872.89
07/25/2019,56.02,176.2,5794.66
07/24/2019,55.88,176.2,5745.97
07/23/2019,56.77,176.05,5683.47
07/22/2019,56.22,175.875,5659.77
07/19/2019,55.63,175.8,5715.14
07/18/2019,55.3,175.75,5695.69
07/17/2019,56.78,175.675,5645.65
07/15/2019,59.58,175.725,5587.36
43806,60.21,175.5,5569.94
43776,60.2,175.4,5561.28
43745,60.43,175.45,5521.83
43715,57.83,175.675,5514.4
43684,57.66,176.15,5504.6
43592,57.51,176.15,5515.81
43562,56.8,176.125,5508.97
43531,57.34,176.05,5411.55
43503,56.25,176.35,5391.21
43472,59.09,176.3,5376.67
06/28/2019,58.47,176.5,5372.28
06/27/2019,59.43,176.6,5345.13
06/26/2019,59.38,176.6,5348.57
06/25/2019,57.83,176.5,5342.49
06/24/2019,57.9,176.525,5354.53
06/21/2019,57.43,176.675,5363.5
06/20/2019,56.65,176.725,5372.37
06/19/2019,53.76,176.675,5392.3
06/18/2019,53.9,176.825,5375.6
06/17/2019,51.93,176.8,5384.93
06/14/2019,52.51,176.7,5383.72
06/13/2019,52.28,176.6,5387.36
43805,51.14,176.5,5378.73
43775,53.27,176.45,5335.29
43744,53.26,176.45,5323.07
43652,53.99,176.425,5298.18
43622,52.59,176.425,5276.84
43561,53.48,176.425,5277.32
43530,53.25,176.5,5299.5
05/31/2019,53.5,176.35,5310.95
05/30/2019,56.59,176.375,5324.54
05/29/2019,58.81,176.3,5293.49
05/28/2019,59.14,176.275,5293.49
05/27/2019,59.16,176.25,5291.49
05/24/2019,58.63,176.475,5295.11
05/23/2019,57.91,176.525,5305.8
05/22/2019,61.42,176.55,5295.68
05/21/2019,62.99,176.15,5291.28
05/17/2019,62.76,175.8,5259.71
05/16/2019,62.87,176.05,5251.79
05/15/2019,62.02,176.25,5199.98
05/14/2019,61.78,176.75,5223.69
05/13/2019,61.04,176.65,5307.2
43743,61.66,176.35,5327.68
43713,61.7,175.45,5352.2
43682,62.12,174.7,5372.97
43651,61.4,177.0,5382.54
43621,62.25,177.45,5386.27
43529,61.94,177.375,5438.75
43501,61.81,176.6,5458.78
04/30/2019,63.91,176.2,5478.41
04/29/2019,63.5,175.8,5443.31
04/26/2019,63.3,175.45,5437.06
04/25/2019,65.21,175.25,5422.89
04/24/2019,65.89,174.9,5413.55
04/23/2019,66.3,174.7,5402.58
04/18/2019,64.0,174.1,5606.35
04/17/2019,63.76,174.6,5603.35
04/16/2019,64.05,174.675,5591.83
43803,63.89,174.6,5585.3
43773,63.58,174.575,5576.11
43742,64.61,174.625,5583.58
43712,63.98,174.75,5583.66
43681,64.4,174.675,5595.46
43589,63.08,174.85,5621.36
43559,62.1,174.625,5653.43
43528,62.46,174.7,5597.37
43500,62.58,174.55,5578.43
43469,61.59,174.375,5567.77
03/29/2019,60.14,175.475,5557.24
03/28/2019,59.3,176.2,5556.28
03/27/2019,59.41,176.15,5511.77
03/26/2019,59.94,177.35,5513.68
03/25/2019,58.82,178.125,5529.67
03/22/2019,59.04,178.05,5540.05
03/21/2019,59.98,178.1,5571.3
03/19/2019,59.03,178.5,5591.67
03/18/2019,59.09,178.325,5614.98
03/15/2019,58.52,178.55,5616.24
03/14/2019,58.61,178.85,5632.79
03/13/2019,58.26,178.85,5606.96
43802,56.87,178.75,5646.78
43772,56.79,178.625,5680.3
43680,56.07,178.55,5722.25
43649,56.66,178.65,5752.35
43619,56.22,178.5,5751.6
43588,56.56,179.05,5770.57
43468,55.8,179.75,5754.31
02/28/2019,57.22,180.025,5816.29
02/27/2019,56.94,179.85,5799.98
02/26/2019,55.5,179.85,5822.27
02/25/2019,55.48,179.75,5826.26
02/22/2019,57.26,179.475,5837.72
02/21/2019,56.96,179.5,5839.04
02/20/2019,56.92,179.7,5880.17
02/18/2019,56.27,179.6,5897.33
02/15/2019,55.59,178.65,5909.3
02/14/2019,54.41,178.55,5932.45
02/13/2019,53.9,178.5,5930.47
43801,53.1,178.3,5930.21
43771,52.41,177.75,5960.62
43679,52.72,177.75,5964.14
43648,52.64,177.75,5959.79
43618,54.01,177.6,5957.41
43587,53.66,178.25,5981.65
43467,55.26,176.65,5982.05
01/31/2019,53.79,178.4,5989.9
01/30/2019,54.23,179.4,5991.29
01/29/2019,53.31,180.85,5997.12
01/28/2019,51.99,181.575,5973.46
01/25/2019,53.69,181.65,5978.3
01/24/2019,53.13,181.75,5960.34
01/23/2019,52.62,182.2,5951.56
01/22/2019,52.57,182.15,5944.17
01/21/2019,54.24,181.8,5958.47
01/18/2019,53.8,181.65,5988.07
01/17/2019,52.07,181.6,5989.12
01/16/2019,52.31,182.35,5973.34
01/14/2019,50.51,182.25,5981.02
43770,51.59,181.95,5967.27
43739,52.59,182.05,5984.05
43709,52.36,182.45,5982.19
43678,49.78,182.6,5992.36
43647,48.52,182.25,6022.99
43556,47.96,182.75,6067.66
43525,47.09,182.9,6058.48
43497,46.54,182.95,6062.2
12/31/2018,45.41,182.9,6052.37
12/28/2018,45.33,183.0,6015.23
12/27/2018,44.61,182.35,6018.19
12/26/2018,46.22,181.65,6019.62
12/24/2018,42.53,181.55,6025.12
12/21/2018,45.59,181.2,6005.65
12/20/2018,45.88,181.0,6016.36
12/19/2018,47.2,180.35,6050.95
12/18/2018,46.24,180.05,6047.48
12/17/2018,49.88,179.9,6067.63
12/14/2018,51.2,179.8,6062.55
12/13/2018,52.58,179.75,6060.2
43446,51.15,179.425,6035.27
43416,51.65,179.3,6026.26
43385,51.0,178.95,6043.49
43293,52.61,178.55,6069.22
43263,51.49,179.25,6032.54
43232,52.89,179.35,5997.23
43202,53.25,179.05,6011.68
43171,52.95,178.85,6025.2
11/30/2018,50.93,178.8,5992.7
11/29/2018,51.45,179.75,5992.7
11/28/2018,50.29,179.65,5981.16
11/27/2018,51.56,180.35,5971.41
11/26/2018,51.63,180.25,5943.07
11/23/2018,50.42,179.6,5929.98
11/21/2018,54.63,178.75,5950.19
11/19/2018,56.76,177.25,5947.9
11/16/2018,56.46,176.75,5955.43
11/15/2018,56.46,176.55,5967.34
11/14/2018,56.25,176.2,5947.36
11/13/2018,55.69,176.1,5993.54
43445,59.93,175.75,5980.94
43354,60.19,175.1,5978.63
43323,60.67,174.85,5930.59
43292,61.67,174.75,5987.21
43231,63.1,174.35,6062.09
43142,63.14,174.35,6092.21
43111,63.69,174.25,6114.13
10/31/2018,65.31,175.6,5953.47
10/30/2018,66.18,174.45,5964.32
10/29/2018,67.04,173.95,5944.18
10/26/2018,67.59,172.9,5831.96
10/25/2018,67.33,172.75,5768.54
10/23/2018,66.43,172.65,5770.52
10/22/2018,69.17,172.6,5766.0
10/19/2018,69.12,171.775,5761.09
10/18/2018,68.65,171.3,5778.37
10/17/2018,69.75,171.05,5776.75
10/16/2018,71.92,170.85,5796.02
10/15/2018,71.78,170.35,5774.37
43444,71.34,169.75,5815.03
43414,70.97,171.3,5838.48
43383,73.17,171.25,5872.02
43353,74.96,171.05,5880.38
43322,74.29,170.65,5908.06
43230,74.34,170.3,5883.77
43200,74.33,170.025,5835.6
43169,76.41,169.85,5813.83
43141,75.23,169.325,5807.74
43110,75.3,169.1,5817.54
09/28/2018,73.25,169.15,5862.18
09/27/2018,72.12,169.25,5869.31
09/26/2018,71.57,168.95,5887.52
09/25/2018,72.28,168.75,5833.58
09/21/2018,70.78,168.675,5904.9
09/20/2018,70.8,168.8,5922.18
09/19/2018,71.12,167.125,5974.75
09/18/2018,69.85,165.85,5971.21
09/17/2018,68.91,164.9,6028.49
09/14/2018,68.99,163.8,6031.26
09/13/2018,68.59,162.85,6060.68
43443,70.37,162.5,6059.0
43413,69.25,162.3,6095.23
43382,67.54,162.4,6096.54
43290,67.75,162.05,6117.89
43260,67.77,161.6,6112.32
43229,68.72,162.2,6120.29
43199,69.87,161.9,6128.0
43168,70.12,161.6,6091.45
08/31/2018,69.8,161.5,6080.26
08/30/2018,70.25,161.45,6076.68
08/29/2018,69.51,161.4,6044.67
08/28/2018,68.53,161.25,6010.23
08/27/2018,68.87,161.1,6044.14
08/24/2018,68.72,161.0,6092.21
08/23/2018,67.83,160.7,6055.76
08/21/2018,67.35,160.6,6040.37
08/20/2018,66.43,160.5,6044.23
08/17/2018,65.91,160.45,6051.1
08/16/2018,65.46,160.5,6083.59
08/15/2018,65.01,160.15,6086.74
08/14/2018,67.04,160.15,6113.0
08/13/2018,67.2,160.0,6128.82
43381,67.63,159.95,6141.55
43351,66.81,159.95,6155.41
43320,66.94,159.85,6120.69
43289,69.17,159.75,6117.63
43259,69.01,159.75,6142.65
43167,68.49,159.8,6143.9
43139,68.96,159.7,6136.35
43108,67.66,159.5,6129.32
07/31/2018,68.76,159.65,6147.27
07/30/2018,70.13,159.65,6128.95
07/26/2018,69.61,159.6,6153.99
07/25/2018,69.3,159.55,6162.49
07/24/2018,68.52,159.425,6183.64
07/23/2018,67.89,159.5,6184.68
07/20/2018,70.46,159.95,6191.17
07/19/2018,69.46,159.95,6183.02
07/18/2018,68.76,159.9,6160.69
07/17/2018,68.08,159.9,6179.88
07/16/2018,68.06,159.8,6130.62
07/13/2018,71.01,159.55,6138.08
43441,70.33,159.4,6118.8
43411,70.38,159.35,6092.65
43380,74.11,159.275,6077.37
43350,73.85,159.3,6077.32
43258,73.8,159.2,6108.71
43227,72.94,158.95,6117.86
43197,74.13,158.7,6044.03
43166,74.14,158.4,6081.08
43138,73.94,158.4,6128.34
06/29/2018,74.15,158.3,6194.63
06/28/2018,73.45,158.3,6181.48
06/26/2018,70.53,158.35,6188.05
06/25/2018,68.08,158.9,6220.13
06/22/2018,68.58,159.0,6228.15
06/21/2018,65.54,159.5,6229.06
06/20/2018,66.22,159.9,6217.91
06/19/2018,65.07,160.0,6265.73
06/18/2018,65.85,159.9,6310.51
06/14/2018,66.89,159.65,6331.1
06/13/2018,66.64,159.7,6337.88
43440,66.36,159.5,6348.53
43410,66.1,159.2,6352.61
43318,65.74,159.05,6354.92
43287,65.95,158.9,6363.62
43257,64.73,158.7,6399.91
43226,65.52,158.45,6409.51
43196,64.75,158.525,6394.93
43106,65.81,158.65,6401.03
05/31/2018,67.04,158.25,6398.44
05/30/2018,68.21,158.1,6420.98
05/28/2018,67.05,157.95,6453.41
05/25/2018,67.88,158.05,6467.8
05/24/2018,70.71,158.0,6472.21
05/23/2018,71.84,157.85,6465.48
05/22/2018,72.13,157.9,6472.25
05/21/2018,72.24,157.8,6466.07
05/18/2018,71.28,157.75,6492.06
05/17/2018,71.49,157.8,6473.18
05/16/2018,71.49,158.15,6483.47
05/15/2018,71.31,158.1,6456.32
05/14/2018,70.96,158.025,6444.96
43409,70.7,157.8,6478.87
43378,71.36,157.8,6479.71
43348,71.14,158.0,6483.65
43317,69.06,157.6,6485.57
43195,69.72,157.53,6506.74
43164,68.43,157.675,6523.88
43136,67.93,157.575,6518.64
43105,67.25,157.7,6533.94
04/27/2018,68.1,157.7,6531.06
04/26/2018,68.19,157.6,6521.74
04/25/2018,68.05,157.7,6533.63
04/24/2018,67.7,156.95,6516.71
04/23/2018,68.64,156.825,6525.17
04/20/2018,68.38,156.35,6540.97
04/19/2018,68.29,156.15,6528.57
04/18/2018,68.47,156.4,6551.83
04/17/2018,66.52,156.35,6544.25
04/16/2018,66.22,155.975,6496.44
43438,67.07,155.675,6483.92
43408,66.82,155.7,6451.17
43377,65.51,155.55,6439.83
43347,63.42,155.55,6431.1
43255,62.06,155.5,6455.32
43224,63.54,155.5,6474.7
43194,63.37,155.95,6444.41
43163,63.51,155.8,6458.33
43135,63.01,155.225,6449.9
03/29/2018,64.94,155.7,6476.78
03/28/2018,64.38,155.675,6440.2
03/27/2018,65.25,156.075,6440.43
03/26/2018,65.55,156.075,6448.6
03/23/2018,65.88,156.15,6443.75
03/22/2018,64.3,156.135,6451.51
03/21/2018,65.17,156.05,6445.97
03/20/2018,63.4,156.1,6462.5
03/19/2018,62.06,156.1,6493.63
03/16/2018,62.34,156.025,6509.46
03/15/2018,61.19,156.05,6500.99
03/14/2018,60.96,155.85,6519.48
03/13/2018,60.71,155.75,6554.83
43437,61.36,155.65,6547.73
43346,62.04,155.5,6551.19
43315,60.12,155.425,6521.24
43284,61.15,155.375,6503.86
43254,62.6,155.075,6533.46
43223,62.57,154.95,6552.81
43134,61.25,155.225,6557.02
02/28/2018,61.64,155.05,6551.78
02/27/2018,63.01,154.875,6559.42
02/26/2018,63.91,154.9,6560.32
02/23/2018,63.55,155.175,6575.39
02/22/2018,62.77,155.2,6571.54
02/21/2018,61.68,155.225,6598.73
02/20/2018,61.9,155.5,6577.84
02/19/2018,62.38,155.5,6565.63
02/16/2018,61.68,155.225,6563.69
02/15/2018,61.34,154.925,6553.21
02/14/2018,60.6,155.6,6532.26
43436,59.29,154.95,6542.99
43345,59.2,154.35,6572.29
43314,61.15,154.35,6542.9
43283,61.79,154.575,6507.25
43253,63.39,154.7,6512.54
43133,65.45,154.25,6520.46
43102,65.8,154.125,6498.45
01/30/2018,64.5,153.975,6476.41
01/29/2018,65.56,153.725,6453.95
01/26/2018,66.14,153.7,6456.04
01/25/2018,65.51,153.75,6448.21
01/24/2018,65.61,153.75,6440.77
01/23/2018,64.47,154.15,6418.05
01/22/2018,63.49,154.05,6421.4
01/19/2018,63.37,153.9,6410.11
01/18/2018,63.95,153.875,6410.11
01/17/2018,63.97,153.95,6439.34
01/16/2018,63.73,153.925,6447.61
43435,64.3,153.95,6473.62
43405,63.8,153.75,6496.23
43374,63.57,153.8,6502.96
43344,62.96,153.8,6527.14
43313,61.73,153.775,6540.51
43221,61.44,153.525,6514.73
43191,62.01,153.65,6459.66
43160,61.63,153.7,6463.5
43132,60.37,153.55,6411.27
12/29/2017,60.42,153.5,6369.26
12/28/2017,59.84,153.4,6364.34
12/27/2017,59.64,152.425,6359.06
12/26/2017,59.97,152.7,6350.3
12/22/2017,58.47,152.95,6323.74
12/21/2017,58.36,152.925,6323.52
12/20/2017,58.09,153.1,6321.36
12/19/2017,57.46,153.125,6325.46
12/18/2017,57.16,153.175,6346.7
12/15/2017,57.3,153.15,6352.1
12/14/2017,57.04,153.2,6357.04
12/13/2017,56.6,153.2,6352.77
43081,57.14,153.11,6360.36
43051,57.99,153.1,6357.41
42959,57.36,153.2,6375.21
42928,56.69,153.4,6382.95
42898,55.96,153.325,6380.91
42867,57.62,153.35,6390.55
42837,57.47,153.55,6405.91
11/30/2017,57.4,153.6,6411.84
11/29/2017,57.3,153.775,6405.53
11/28/2017,57.99,153.8,6405.22
11/27/2017,58.11,153.6,6417.15
11/24/2017,58.95,153.75,6413.68
11/23/2017,58.38,153.725,6456.11
11/22/2017,58.02,153.75,6464.44
11/21/2017,56.83,153.78,6567.07
11/20/2017,56.09,153.75,6473.87
11/17/2017,56.55,153.65,6483.55
11/16/2017,55.14,153.65,6448.98
11/15/2017,55.33,153.8,6428.83
11/14/2017,55.7,153.6,6457.9
11/13/2017,56.76,153.65,6511.55
43019,56.74,153.6,6552.59
42989,57.17,153.6,6567.07
42958,56.81,153.375,6598.26
42927,57.2,153.425,6595.89
42897,57.35,153.6,6602.72
42777,54.54,153.6,6621.47
42746,54.3,153.7,6624.2
10/31/2017,54.38,153.625,6617.36
10/30/2017,54.15,153.6,6607.14
10/27/2017,53.9,153.55,6612.91
10/26/2017,52.64,153.6,6633.2
10/25/2017,52.18,153.85,6614.55
10/24/2017,52.47,153.8,6590.5
10/23/2017,51.9,153.7,6570.56
10/20/2017,51.47,153.7,6572.7
10/19/2017,51.29,153.65,6555.46
10/17/2017,51.88,153.625,6572.05
10/16/2017,51.87,153.6,6595.94
10/13/2017,51.45,153.75,6632.3
43079,50.6,153.725,6621.56
43049,51.3,153.475,6559.61
43018,50.92,153.45,6523.68
42988,49.58,153.35,6515.84
42896,49.29,153.3,6529.05
42835,49.98,153.3,6507.09
42804,50.42,153.25,6494.22
42776,50.58,153.1,6470.96
09/29/2017,51.67,153.08,6438.24
09/28/2017,51.56,153.125,6433.54
09/27/2017,52.14,153.1,6419.47
09/26/2017,51.88,153.0,6419.61
09/25/2017,52.22,153.0,6412.07
09/22/2017,50.66,152.75,6427.26
09/21/2017,50.55,152.775,6451.55
09/20/2017,50.41,152.675,6452.91
09/19/2017,49.48,153.125,6428.07
09/18/2017,49.91,153.0,6409.65
09/15/2017,49.89,152.9,6402.03
09/14/2017,49.89,152.9,6381.46
09/13/2017,49.3,153.025,6372.7
43078,48.23,152.85,6377.38
43048,48.07,152.8,6372.24
42956,47.48,152.775,6375.86
42925,49.09,152.7,6362.18
42895,49.16,152.675,6361.03
42834,47.41,152.425,6385.56
08/31/2017,47.23,152.775,6390.74
08/30/2017,45.96,152.825,6390.26
08/29/2017,46.44,152.85,6398.79
08/28/2017,46.57,152.95,6412.37
08/25/2017,47.87,153.0,6409.37
08/24/2017,47.43,153.0,6382.54
08/23/2017,48.41,152.975,6383.27
08/22/2017,47.64,153.0,6395.32
08/21/2017,47.37,153.15,6420.53
08/18/2017,48.51,153.3,6436.28
08/17/2017,47.09,153.3,6408.12
08/16/2017,46.78,153.225,6417.41
08/15/2017,47.55,153.225,6440.91
08/14/2017,47.59,153.15,6485.76
43047,48.82,153.05,6492.69
43016,48.59,153.3,6516.32
42986,49.56,153.25,6506.03
42955,49.17,153.3,6524.13
42833,49.58,153.425,6567.43
42802,49.03,153.265,6571.48
42774,49.59,153.46,6585.53
42743,49.16,153.255,6604.71
07/31/2017,50.17,153.55,6637.39
07/28/2017,49.71,153.595,6666.05
07/27/2017,49.04,153.635,6668.86
07/26/2017,48.75,153.42,6669.05
07/25/2017,47.89,153.42,6662.34
07/24/2017,46.34,153.355,6664.12
07/21/2017,45.77,153.65,6669.51
07/20/2017,46.79,153.52,6684.47
07/19/2017,47.12,153.595,6695.23
07/18/2017,46.4,153.53,6735.04
07/17/2017,46.02,153.66,6741.07
07/14/2017,46.54,153.545,6766.14
07/13/2017,46.08,153.625,6738.42
43076,45.49,153.595,6746.1
43046,45.04,153.57,6748.15
43015,44.4,153.505,6758.24
42923,44.23,153.52,6737.5
42893,45.52,153.42,6714.34
42862,45.13,153.42,6709.76
42832,47.13,153.65,6734.13
42801,47.07,153.55,6733.06
06/30/2017,46.04,153.355,6747.07
06/29/2017,44.93,153.435,6702.53
06/28/2017,44.74,153.22,6697.08
06/27/2017,44.24,153.075,6703.18
06/23/2017,43.01,153.21,6715.33
06/22/2017,42.74,153.115,6714.73
06/21/2017,42.53,153.14,6731.25
06/20/2017,43.23,153.13,6705.45
06/19/2017,44.2,152.8,6684.02
06/16/2017,44.74,152.82,6718.83
06/15/2017,44.46,152.91,6694.64
06/14/2017,44.73,152.72,6669.73
06/13/2017,46.46,152.55,6648.4
43075,46.08,152.16,6663.15
42984,45.83,152.415,6668.96
42922,45.72,152.18,6664.0
42892,48.19,152.7,6669.53
42861,47.4,152.44,6676.32
42772,47.66,152.29,6689.07
42741,48.36,152.42,6693.68
05/31/2017,48.32,152.67,6674.32
05/30/2017,49.66,152.63,6655.25
05/29/2017,49.97,152.8,6679.46
05/26/2017,49.8,152.38,6697.86
05/25/2017,48.9,152.445,6714.95
05/24/2017,51.36,152.575,6711.67
05/23/2017,51.47,152.64,6689.96
05/22/2017,50.73,152.77,6726.9
05/19/2017,50.33,152.335,6729.66
05/18/2017,49.35,152.53,6697.9
05/17/2017,49.07,152.7,6718.34
05/16/2017,48.66,152.455,6692.33
05/15/2017,48.85,152.6,6659.87
43074,47.84,152.6,6671.98
42983,45.88,152.585,6666.83
42952,46.43,152.53,6667.46
42860,46.22,152.5,6640.57
42830,45.52,152.5,6602.44
42799,47.82,152.355,6563.85
42771,47.66,151.995,6608.16
04/28/2017,49.33,152.435,6610.46
04/27/2017,48.97,152.33,6571.65
04/26/2017,49.62,152.2,6516.26
04/25/2017,49.56,151.925,6492.77
04/24/2017,49.23,152.285,6505.95
04/21/2017,49.62,152.45,6535.54
04/20/2017,50.27,152.26,6505.28
04/19/2017,50.44,152.255,6446.8
04/18/2017,52.41,151.985,6382.37
04/17/2017,52.65,151.895,6351.26
43073,53.11,152.175,6402.99
43043,53.4,152.265,6305.54
42920,52.24,151.735,6292.94
42890,51.7,151.75,6250.04
42859,51.15,151.775,6198.32
42829,51.03,151.85,6146.69
42798,50.24,151.945,6080.01
03/31/2017,50.6,152.135,6061.94
03/30/2017,50.35,152.12,6040.18
03/29/2017,49.51,152.105,6021.54
03/28/2017,48.37,151.97,5985.08
03/27/2017,47.73,151.885,5974.94
03/24/2017,47.97,151.75,5996.28
03/23/2017,47.7,151.895,5979.85
03/22/2017,48.04,151.755,5996.65
03/21/2017,47.34,151.75,6041.59
03/20/2017,48.22,152.025,6041.17
03/17/2017,48.78,152.325,6047.84
03/16/2017,48.75,152.1,6028.57
03/15/2017,48.86,152.035,6032.16
03/14/2017,47.72,151.85,6046.79
03/13/2017,48.4,151.495,6070.8
43011,48.49,151.46,6084.99
42981,49.28,151.475,6088.8
42950,50.28,151.29,6095.07
42919,53.14,151.41,6108.11
42889,53.2,152.37,6117.19
42797,53.33,152.435,6101.51
42769,52.61,152.435,6127.11
42738,53.83,152.435,6121.43
02/28/2017,54.01,152.44,6134.28
02/27/2017,54.05,151.975,6122.04
02/23/2017,54.45,152.435,6138.14
02/22/2017,53.59,152.435,6129.69
02/21/2017,54.06,151.04,6127.49
02/20/2017,53.97,151.13,6139.51
02/17/2017,53.4,151.04,6159.87
02/16/2017,53.36,150.7,6173.72
02/15/2017,53.11,150.6,6175.5
02/14/2017,53.2,150.55,6148.94
02/13/2017,52.93,150.575,6138.73
42980,53.0,150.715,6094.15
42949,52.34,150.695,6096.39
42918,52.17,150.645,6093.04
42888,53.01,150.575,6068.31
42796,53.83,150.45,6119.99
42768,53.54,150.5,6139.56
42737,53.88,150.6,6130.07
01/31/2017,52.81,150.435,6132.68
01/30/2017,52.63,150.28,6140.54
01/27/2017,53.17,150.28,6137.7
01/26/2017,53.78,150.31,6185.01
01/25/2017,52.75,150.31,6127.08
01/24/2017,53.18,150.2,6134.41
01/23/2017,52.75,150.185,6162.05
01/20/2017,52.42,150.15,6169.57
01/19/2017,51.37,150.145,6164.9
01/18/2017,51.08,150.11,6185.01
01/17/2017,52.48,149.855,6186.52
01/16/2017,52.52,149.975,6201.65
01/13/2017,52.37,150.06,6217.72
43040,52.25,150.06,6184.54
43009,50.82,149.855,6152.59
42979,51.96,149.87,6155.52
42887,53.99,149.94,6153.02
42856,53.76,149.855,6147.52
42826,53.26,149.91,6153.13
42795,52.33,149.9,6159.12
42767,54.03,149.75,6192.87
12/30/2016,53.72,149.8,6228.26
12/29/2016,53.77,149.8,6245.71
12/28/2016,54.06,148.93,6228.51
12/27/2016,53.9,148.93,6202.83
12/23/2016,53.02,149.75,6216.56
12/22/2016,52.95,150.2,6209.65
12/21/2016,52.49,148.93,6227.33
12/20/2016,52.23,148.93,6234.75
12/19/2016,52.12,148.93,6250.57
12/16/2016,51.9,148.93,6268.61
12/15/2016,50.9,148.93,6285.53
12/14/2016,51.04,148.93,6299.01
42625,51.5,148.93,6324.1
42594,50.84,148.93,6337.82
42563,49.77,148.93,6327.3
42533,50.93,148.9,6350.4
42502,51.79,148.93,6368.12
42412,51.68,149.0,6325.57
42381,51.06,148.35,6309.04
11/30/2016,49.44,149.0,6241.1
11/29/2016,45.23,149.14,6231.87
11/28/2016,47.08,148.665,6238.87
11/25/2016,46.06,148.495,6252.12
11/24/2016,47.98,148.3,6253.28
11/23/2016,47.96,148.31,6242.68
11/22/2016,48.03,148.44,6255.98
11/21/2016,47.49,148.275,6275.26
11/18/2016,45.69,148.38,6326.11
11/17/2016,45.42,148.195,6344.28
11/16/2016,45.57,148.18,6349.03
11/15/2016,45.81,148.0,6406.16
42685,43.41,147.7,6415.59
42654,44.66,147.635,6420.78
42624,45.27,147.8,6417.55
42593,44.98,147.855,6439.06
42562,44.89,148.235,6444.97
42471,44.07,148.255,6442.09
42440,44.66,148.255,6442.09
42411,45.34,148.27,6429.04
42380,46.67,147.955,6400.17
10/31/2016,46.86,147.81,6409.23
10/28/2016,48.7,147.86,6424.85
10/27/2016,49.72,147.75,6438.5
10/26/2016,49.18,147.44,6434.89
10/25/2016,49.96,147.58,6436.97
10/24/2016,50.52,147.15,6418.34
10/21/2016,50.85,147.24,6447.53
10/20/2016,50.43,147.01,6442.36
10/19/2016,51.6,147.105,6444.39
10/18/2016,50.29,147.03,6442.87
10/17/2016,49.94,146.925,6452.69
10/14/2016,50.35,146.855,6482.54
10/13/2016,50.44,146.85,6487.13
42714,50.18,146.895,6510.18
42684,50.79,146.805,6538.28
42653,51.35,146.675,6562.5
42561,49.81,146.745,6582.34
42531,50.44,146.555,6566.96
42500,49.83,146.475,6579.78
42470,48.69,146.505,6591.41
42439,48.81,146.475,6574.39
09/30/2016,48.24,146.61,6534.77
09/29/2016,47.83,146.48,6528.3
09/28/2016,47.05,146.51,6512.32
09/27/2016,44.67,146.26,6483.29
09/26/2016,45.93,146.14,6478.94
09/23/2016,44.48,146.23,6479.21
09/22/2016,46.32,146.14,6464.94
09/21/2016,45.34,146.28,6451.61
09/20/2016,43.44,145.26,6429.94
09/19/2016,43.3,145.255,6450.44
09/15/2016,43.91,145.32,6472.47
09/14/2016,43.58,145.46,6492.74
09/13/2016,44.9,145.28,6508.09
42622,45.88,145.24,6494.86
42591,47.62,145.175,6501.89
42560,45.5,145.24,6507.98
42530,44.83,145.37,6524.46
42499,45.07,145.3,6523.47
42409,44.44,145.51,6539.09
42378,43.16,145.43,6540.29
08/31/2016,44.7,145.475,6528.21
08/30/2016,46.35,145.64,6541.8
08/29/2016,46.98,145.59,6540.19
08/26/2016,47.64,145.43,6550.91
08/25/2016,47.33,144.945,6589.71
08/24/2016,46.77,145.075,6588.3
08/23/2016,48.1,145.14,6603.76
08/22/2016,47.05,145.27,6594.59
08/19/2016,48.52,145.41,6602.24
08/18/2016,48.22,145.215,6593.25
08/16/2016,46.58,144.97,6577.95
08/15/2016,45.74,145.165,6582.6
42712,44.49,145.35,6522.14
42682,43.49,144.985,6514.77
42651,41.71,145.18,6543.75
42621,42.77,145.31,6510.11
42590,43.02,145.285,6506.93
42498,41.8,145.7,6517.13
42468,41.93,145.75,6478.25
42437,40.83,145.355,6511.58
42408,39.51,145.77,6503.3
42377,40.06,145.76,6410.42
07/29/2016,41.6,145.505,6393.87
07/28/2016,41.14,145.505,6392.15
07/27/2016,41.92,145.9,6382.42
07/26/2016,42.92,145.505,6428.77
07/25/2016,43.13,145.71,6397.09
07/22/2016,44.19,145.78,6428.77
07/21/2016,44.75,145.745,6417.46
07/20/2016,44.94,146.26,6414.49
07/18/2016,45.24,145.435,6415.81
07/15/2016,45.95,145.78,6422.69
07/14/2016,45.68,145.57,6401.9
07/13/2016,44.75,145.765,6402.78
42711,46.8,146.21,6401.31
42681,44.76,145.54,6372.24
42589,45.41,144.93,6366.31
42558,45.14,145.555,6310.69
42497,46.6,146.7,6280.39
42467,48.65,146.5,6254.77
42376,48.99,145.695,6287.09
06/30/2016,48.33,145.695,6283.27
06/29/2016,49.88,146.04,6290.89
06/28/2016,47.85,147.835,6307.4
06/27/2016,46.33,146.82,6318.21
06/24/2016,47.64,147.33,6370.11
06/23/2016,50.11,147.03,6398.06
06/22/2016,49.13,147.185,6420.8
06/21/2016,48.85,146.08,6446.88
06/20/2016,49.37,144.74,6461.12
06/17/2016,47.98,144.74,6465.99
06/16/2016,46.21,145.115,6435.77
06/15/2016,48.01,144.995,6500.64
06/14/2016,48.49,144.87,6518.08
06/13/2016,48.88,144.745,6538.25
42649,49.07,145.0,6530.5
42619,50.56,145.585,6528.03
42588,51.23,145.84,6526.12
42557,50.36,145.77,6524.0
42527,49.69,145.885,6518.98
42435,48.62,147.68,6519.23
42406,49.17,147.82,6523.84
42375,49.01,148.13,6542.75
05/31/2016,49.1,147.79,6550.51
05/30/2016,49.51,148.0,6552.85
05/27/2016,49.33,147.63,6571.21
05/26/2016,49.48,146.78,6568.76
05/25/2016,49.56,146.95,6583.49
05/24/2016,48.62,146.78,6570.58
05/20/2016,47.75,147.105,6633.27
05/19/2016,48.16,146.845,6648.13
05/18/2016,48.19,147.035,6680.15
05/17/2016,48.31,146.48,6670.79
05/16/2016,47.72,146.65,6708.4
05/13/2016,46.21,146.4,6679.84
42709,46.7,146.25,6656.12
42679,46.23,146.195,6661.45
42648,44.66,146.19,6637.74
42618,43.44,146.43,6594.8
42526,44.66,146.26,6592.45
42495,44.32,146.24,6578.34
42465,43.78,146.25,6568.85
42434,43.65,146.18,6583.1
04/29/2016,45.92,146.18,6516.26
04/28/2016,46.03,146.38,6442.53
04/27/2016,45.33,146.27,6434.24
04/26/2016,44.04,146.33,6405.29
04/25/2016,42.64,146.21,6379.53
04/22/2016,43.73,146.045,6422.65
04/20/2016,42.63,146.48,6423.13
04/19/2016,41.08,146.045,6387.85
04/18/2016,39.78,146.045,6382.31
04/15/2016,40.36,145.43,6401.32
42708,42.17,146.19,6353.2
42678,40.36,144.9,6275.62
42586,39.72,144.75,6275.62
42555,37.26,144.7,6230.19
42525,37.75,144.75,6165.11
42494,35.89,144.635,6159.02
42464,35.7,145.13,6079.15
42373,36.79,146.185,6083.01
03/31/2016,38.34,146.055,6079.15
03/30/2016,38.32,149.215,6040.99
03/29/2016,38.28,148.21,6031.85
03/28/2016,39.39,147.95,6062.05
03/24/2016,39.46,147.26,6092.45
03/23/2016,39.79,146.38,6073.5
03/21/2016,39.91,145.48,6088.57
03/18/2016,39.44,144.97,6057.79
03/17/2016,40.2,145.035,6068.17
03/16/2016,38.46,145.05,6021.37
03/15/2016,36.34,145.0,5970.4
03/14/2016,37.18,145.02,5979.43
42677,38.5,144.92,6019.95
42646,37.84,145.085,5948.23
42616,38.29,144.575,5862.35
42585,36.5,145.11,5934.72
42463,35.92,145.06,6057.22
42432,34.57,144.675,6060.91
42403,34.66,144.6,6078.41
42372,34.4,144.55,6113.4
02/29/2016,33.75,144.875,6191.81
02/26/2016,32.78,144.65,6203.98
02/25/2016,33.07,144.46,6202.64
02/24/2016,32.15,144.215,6217.64
02/23/2016,31.87,144.005,6228.99
02/19/2016,29.64,144.025,6250.78
02/18/2016,30.77,144.07,6208.89
02/17/2016,30.66,143.98,6220.82
02/16/2016,29.04,144.055,6254.16
02/15/2016,30.6,144.13,6266.17
42706,29.44,144.25,6283.0
42676,26.21,143.985,6314.82
42645,27.45,143.92,6364.4
42615,27.94,143.945,6372.71
42584,29.69,144.08,6401.66
42492,30.89,144.09,6404.64
42431,32.28,144.25,6402.8
42402,29.88,144.085,6425.96
42371,31.62,143.88,6363.18
01/29/2016,33.62,144.26,6340.05
01/28/2016,33.22,143.995,6319.89
01/27/2016,32.3,144.11,6316.46
01/26/2016,31.45,144.27,6322.87
01/25/2016,30.34,144.17,6354.83
01/22/2016,32.19,144.065,6382.24
01/21/2016,29.53,144.025,6349.71
01/20/2016,26.55,144.09,6261.18
01/19/2016,28.46,144.115,6283.24
01/18/2016,30.02,144.075,6324.61
01/14/2016,31.2,143.815,6446.2
01/13/2016,30.48,144.01,6554.37
42705,30.44,143.945,6534.35
42675,31.41,143.94,6650.32
42583,33.16,143.72,6726.28
42552,33.27,144.005,6775.27
42522,33.97,144.05,6817.65
42491,35.97,144.005,6845.3
42461,36.76,144.285,6867.62
12/31/2015,37.04,144.25,6894.5
12/30/2015,36.6,144.07,6870.63
12/29/2015,37.87,144.05,6847.74
12/28/2015,36.81,143.65,6828.51
12/23/2015,37.5,143.7,6858.64
12/22/2015,36.14,143.75,6854.57
12/21/2015,34.74,143.625,6881.75
12/18/2015,34.73,143.57,6884.69
12/17/2015,34.95,143.445,6859.99
12/16/2015,35.52,143.7,6833.51
12/15/2015,37.35,143.65,6820.77
12/14/2015,36.31,143.65,6803.08
42320,35.62,143.25,6832.35
42289,36.76,143.225,6823.91
42259,37.16,143.225,6841.55
42228,37.51,143.25,6849.09
42197,37.65,142.98,6858.63
42106,39.97,142.98,6869.56
42075,41.08,142.98,6880.66
42047,39.94,142.98,6862.79
42016,41.85,142.98,6895.19
11/30/2015,41.65,142.98,6909.15
11/27/2015,41.71,143.225,6961.41
11/26/2015,42.59,143.05,6963.37
11/24/2015,42.87,142.935,7009.99
11/23/2015,41.75,142.8,7055.84
11/20/2015,40.39,142.205,7017.44
11/19/2015,40.54,142.35,7020.18
11/18/2015,40.75,142.35,6981.97
11/17/2015,40.67,142.35,6977.95
11/16/2015,41.74,142.15,6965.98
11/13/2015,40.74,142.05,7001.81
42349,41.75,142.0,7006.35
42319,42.93,141.8,7019.23
42258,43.87,142.0,7050.21
42166,44.29,141.6,7059.48
42135,45.2,141.45,7017.39
42105,46.32,141.53,7003.57
42074,47.9,141.13,7000.41
42046,46.14,141.105,7029.07
10/30/2015,46.59,141.105,7042.06
10/29/2015,46.06,141.105,7070.13
10/28/2015,45.94,141.11,7094.09
10/26/2015,43.98,141.105,7083.48
10/23/2015,44.6,141.02,7081.49
10/22/2015,45.38,141.075,7068.85
10/21/2015,45.2,141.05,7055.67
10/20/2015,45.55,141.02,7041.26
10/19/2015,45.89,141.02,7020.74
10/16/2015,47.26,141.02,7020.74
10/15/2015,46.38,141.02,7030.45
10/14/2015,46.64,141.0,7040.32
10/13/2015,46.66,141.0,7078.45
42348,47.1,140.35,7100.0
42257,49.63,141.0,7096.06
42226,49.43,141.0,7085.65
42195,47.81,141.0,7085.45
42165,48.53,140.655,7085.93
42134,46.26,141.25,7089.06
42045,45.54,141.25,7105.54
42014,44.74,141.0,7080.48
09/30/2015,45.09,141.0,7050.87
09/29/2015,45.23,141.07,7085.38
09/28/2015,44.43,141.05,7078.64
09/25/2015,45.7,141.0,7110.8
09/23/2015,44.48,141.005,7114.83
09/22/2015,45.83,140.955,7118.38
09/21/2015,46.68,140.875,7104.37
09/18/2015,44.68,140.555,7107.87
09/17/2015,46.9,140.505,7113.51
09/16/2015,47.15,140.975,7137.4
09/15/2015,44.59,139.95,7152.43
09/14/2015,44.0,139.8,7162.44
42317,44.63,139.075,7153.49
42286,45.92,138.975,7159.94
42256,44.15,138.875,7183.25
42225,45.94,138.375,7124.46
42194,44.7,137.525,7149.7
42103,46.05,137.75,7215.11
42072,46.75,134.875,7245.5
42044,46.25,134.55,7240.39
42013,45.41,134.6,7298.75
08/31/2015,49.2,134.6,7306.94
08/28/2015,45.22,134.4,7350.52
08/27/2015,42.56,134.34,7273.14
08/26/2015,38.6,134.375,7240.1
08/25/2015,39.31,134.375,7231.58
08/24/2015,38.24,134.305,7331.09
08/21/2015,40.45,134.09,7471.17
08/20/2015,41.14,134.0,7449.82
08/19/2015,40.8,133.94,7498.78
08/18/2015,42.62,133.82,7498.7
08/17/2015,41.87,134.05,7492.04
08/14/2015,42.5,134.295,7498.7
08/13/2015,42.23,133.82,7442.75
42346,43.3,133.9,7471.9
42316,43.08,133.85,7458.92
42285,44.96,133.855,7377.94
42193,43.87,133.825,7370.6
42163,44.66,133.81,7377.24
42132,45.15,133.84,7366.31
42102,45.74,133.785,7310.05
42071,45.17,133.78,7336.59
07/30/2015,48.52,133.755,7332.05
07/29/2015,48.79,133.755,7313.97
07/28/2015,47.98,133.715,7261.07
07/27/2015,47.39,133.705,7247.23
07/24/2015,48.14,133.7,7269.05
07/23/2015,48.45,133.915,7212.62
07/22/2015,49.19,133.88,7199.63
07/21/2015,50.36,133.855,7145.59
07/20/2015,50.15,133.85,7147.86
07/17/2015,50.89,133.685,7161.96
07/16/2015,50.91,133.665,7124.14
07/15/2015,51.41,133.85,7066.19
07/14/2015,53.04,133.9,7027.0
07/13/2015,52.2,133.9,6984.12
42284,52.74,133.655,6984.12
42254,52.78,133.665,6947.05
42223,51.65,133.655,6923.79
42192,52.33,133.92,6967.78
42162,52.53,133.915,6989.41
42070,55.52,133.65,7007.05
42042,56.93,133.65,6982.8
06/30/2015,59.47,133.915,7020.8
06/29/2015,58.33,133.85,7032.15
06/26/2015,59.63,133.835,7016.2
06/25/2015,59.7,134.32,7031.33
06/24/2015,60.27,134.32,7053.83
06/23/2015,61.01,134.005,7053.96
06/22/2015,59.68,134.025,7039.65
06/19/2015,59.61,134.3,7035.15
06/18/2015,60.45,134.3,7064.15
06/17/2015,59.92,134.1,7049.71
06/16/2015,59.97,134.1,7044.6
06/15/2015,59.52,134.2,7078.97
42344,59.96,134.2,7061.28
42314,60.77,133.975,7051.52
42283,61.43,133.975,7063.45
42253,60.14,133.9,7067.11
42222,58.14,134.025,7078.66
42130,59.13,134.0,7122.73
42100,58.0,134.05,7120.91
42069,59.64,134.125,7149.46
42010,60.2,133.95,7195.19
05/29/2015,60.3,134.0,7220.29
05/28/2015,57.68,134.0,7255.71
05/27/2015,57.51,134.0,7253.5
05/26/2015,58.03,134.15,7261.78
05/25/2015,59.85,133.95,7284.76
05/22/2015,59.72,133.75,7288.74
05/21/2015,60.72,133.75,7273.69
05/20/2015,58.98,133.65,7289.77
05/19/2015,57.26,133.7,7284.76
05/18/2015,59.43,133.5,7255.02
05/15/2015,59.69,133.6,7258.67
05/14/2015,59.88,133.6,7236.87
05/13/2015,60.5,133.7,7245.05
42343,60.75,133.7,7258.61
42313,59.25,133.4,7213.63
42221,59.39,133.5,7212.47
42190,58.94,133.45,7212.9
42160,60.93,133.5,7192.29
42129,60.4,133.1,7202.11
04/30/2015,59.63,133.3,7179.0
04/29/2015,58.58,133.15,7173.37
04/28/2015,57.06,133.15,7134.43
04/27/2015,56.99,133.15,7125.12
04/24/2015,57.15,133.15,7129.78
04/23/2015,57.74,133.3,7114.39
04/22/2015,56.16,133.05,7117.13
04/21/2015,55.26,133.05,7098.6
04/20/2015,56.38,133.15,7080.38
04/17/2015,55.74,133.1,7086.41
04/16/2015,56.71,133.1,7086.41
04/15/2015,56.39,133.1,6981.03
42281,51.64,133.05,6901.06
42251,50.79,133.1,6899.29
42220,50.42,133.0,6913.73
42189,53.98,133.05,6927.25
42159,52.14,133.15,6917.51
42039,49.14,133.15,6948.14
42008,50.09,133.15,6916.08
03/31/2015,47.6,133.175,6820.34
03/30/2015,48.68,133.15,6782.43
03/27/2015,48.87,133.1,6873.52
03/26/2015,51.43,133.0,6922.83
03/25/2015,49.21,133.3,6973.03
03/24/2015,47.51,133.3,6997.93
03/23/2015,47.45,133.3,7042.3
03/20/2015,45.72,133.3,7054.58
03/19/2015,43.96,133.3,7046.7
03/18/2015,44.66,133.15,7043.9
03/17/2015,43.46,133.15,7057.0
03/16/2015,43.88,133.15,7109.07
03/13/2015,44.84,133.05,7091.25
42341,47.05,133.1,7109.07
42311,48.17,133.15,7110.19
42280,48.29,133.15,7130.05
42250,50.0,133.1,7136.33
42158,49.61,133.0,7183.5
42097,51.53,132.95,7202.2
42066,50.52,133.15,7234.92
42038,49.59,133.1,7244.4
02/27/2015,49.76,133.15,7301.29
02/26/2015,48.17,133.05,7317.44
02/25/2015,50.99,133.05,7304.61
02/24/2015,49.28,133.05,7311.29
02/23/2015,49.45,133.0,7326.31
02/20/2015,50.34,133.0,7314.91
02/19/2015,51.16,132.925,7306.17
02/18/2015,52.14,132.9,7266.84
02/16/2015,53.61,133.0,7300.75
02/13/2015,52.78,132.9,7335.51
42340,51.21,133.0,7331.39
42310,48.84,132.9,7359.41
42279,50.02,132.9,7304.7
42249,52.86,132.9,7198.44
42157,51.69,133.0,7162.75
42126,50.48,132.35,7047.31
42037,49.57,132.35,7000.06
01/30/2015,48.24,132.225,7180.05
01/29/2015,44.53,132.225,7376.51
01/28/2015,44.45,132.3,7395.29
01/27/2015,46.23,132.075,7367.65
01/26/2015,45.15,132.0,7316.08
01/23/2015,45.59,131.875,7276.63
01/22/2015,46.31,131.95,7329.59
01/21/2015,47.78,131.875,7324.4
01/20/2015,46.39,131.85,7368.5
01/19/2015,47.78,131.875,7366.68
01/16/2015,48.69,131.375,7513.86
01/13/2015,45.89,131.55,7549.85
42339,46.07,131.55,7566.7
42248,48.36,131.5,7605.79
42217,48.79,131.525,7497.6
42186,48.65,131.45,7438.52
42156,47.93,131.5,7420.14
42036,52.69,131.3,7348.39
